year,predicted_birds,predicted_observations,birds_per_observation
2025,215280,33252,6.474280162645746
2026,237683,35230,6.74659977366724
2027,261194,37209,7.019740284968736
